{
  "overall": {
    "exact_match": {
      "n": 1078,
      "edges_match_count": 457,
      "sg_match_count": 451,
      "both_match_count": 451,
      "edges_match_rate": 0.42393320964749537,
      "sg_match_rate": 0.41836734693877553,
      "both_match_rate": 0.41836734693877553
    },
    "edge_metrics_mean": {
      "n": 1078,
      "precision": 0.7769595638334043,
      "recall": 0.7616075611669303,
      "f1": 0.7680225646393152,
      "iou": 0.6848770729861443,
      "ged": 3.0640074211502784,
      "e_del": 1.4499072356215212,
      "e_ins": 1.614100185528757
    }
  },
  "by_depth": {
    "1": {
      "exact_match": {
        "n": 542,
        "edges_match_count": 338,
        "sg_match_count": 338,
        "both_match_count": 338,
        "edges_match_rate": 0.6236162361623616,
        "sg_match_rate": 0.6236162361623616,
        "both_match_rate": 0.6236162361623616
      },
      "edge_metrics_mean": {
        "n": 542,
        "precision": 0.8227339951970948,
        "recall": 0.8291029696011246,
        "f1": 0.8256001938875827,
        "iou": 0.769024584476614,
        "ged": 2.029520295202952,
        "e_del": 1.040590405904059,
        "e_ins": 0.988929889298893
      }
    },
    "2": {
      "exact_match": {
        "n": 476,
        "edges_match_count": 104,
        "sg_match_count": 99,
        "both_match_count": 99,
        "edges_match_rate": 0.2184873949579832,
        "sg_match_rate": 0.20798319327731093,
        "both_match_rate": 0.20798319327731093
      },
      "edge_metrics_mean": {
        "n": 476,
        "precision": 0.7261548558817467,
        "recall": 0.6879272921289727,
        "f1": 0.7047040018299666,
        "iou": 0.5937522911262407,
        "ged": 4.092436974789916,
        "e_del": 1.8571428571428572,
        "e_ins": 2.235294117647059
      }
    },
    "3+": {
      "exact_match": {
        "n": 60,
        "edges_match_count": 15,
        "sg_match_count": 14,
        "both_match_count": 14,
        "edges_match_rate": 0.25,
        "sg_match_rate": 0.23333333333333334,
        "both_match_rate": 0.23333333333333334
      },
      "edge_metrics_mean": {
        "n": 60,
        "precision": 0.7665145502645502,
        "recall": 0.7364291726791727,
        "f1": 0.7502319120507974,
        "iou": 0.6476678219441377,
        "ged": 4.25,
        "e_del": 1.9166666666666667,
        "e_ins": 2.3333333333333335
      }
    }
  },
  "by_structure_type": {
    "select": {
      "exact_match": {
        "n": 76,
        "edges_match_count": 28,
        "sg_match_count": 26,
        "both_match_count": 26,
        "edges_match_rate": 0.3684210526315789,
        "sg_match_rate": 0.34210526315789475,
        "both_match_rate": 0.34210526315789475
      },
      "edge_metrics_mean": {
        "n": 76,
        "precision": 0.7937708855472013,
        "recall": 0.7734948165869219,
        "f1": 0.7825465987943583,
        "iou": 0.6940026194181318,
        "ged": 3.6447368421052633,
        "e_del": 1.6973684210526316,
        "e_ins": 1.9473684210526316
      }
    },
    "loop": {
      "exact_match": {
        "n": 164,
        "edges_match_count": 45,
        "sg_match_count": 44,
        "both_match_count": 44,
        "edges_match_rate": 0.27439024390243905,
        "sg_match_rate": 0.2682926829268293,
        "both_match_rate": 0.2682926829268293
      },
      "edge_metrics_mean": {
        "n": 164,
        "precision": 0.7593333157357548,
        "recall": 0.7222002252490057,
        "f1": 0.7390352825185911,
        "iou": 0.6378382796065724,
        "ged": 4.054878048780488,
        "e_del": 1.829268292682927,
        "e_ins": 2.225609756097561
      }
    },
    "and_join": {
      "exact_match": {
        "n": 344,
        "edges_match_count": 54,
        "sg_match_count": 51,
        "both_match_count": 51,
        "edges_match_rate": 0.1569767441860465,
        "sg_match_rate": 0.14825581395348839,
        "both_match_rate": 0.14825581395348839
      },
      "edge_metrics_mean": {
        "n": 344,
        "precision": 0.6926131120171818,
        "recall": 0.6515375935434076,
        "f1": 0.6694165107898352,
        "iou": 0.5487908940135072,
        "ged": 4.569767441860465,
        "e_del": 2.0697674418604652,
        "e_ins": 2.5
      }
    }
  },
  "by_combo": {
    "and_join": {
      "exact_match": {
        "n": 299,
        "edges_match_count": 47,
        "sg_match_count": 44,
        "both_match_count": 44,
        "edges_match_rate": 0.15719063545150502,
        "sg_match_rate": 0.14715719063545152,
        "both_match_rate": 0.14715719063545152
      },
      "edge_metrics_mean": {
        "n": 299,
        "precision": 0.6982720178372352,
        "recall": 0.6566478207782556,
        "f1": 0.6747024250368732,
        "iou": 0.5544850448696602,
        "ged": 4.277591973244147,
        "e_del": 1.9331103678929766,
        "e_ins": 2.3444816053511706
      }
    },
    "and_join+loop": {
      "exact_match": {
        "n": 30,
        "edges_match_count": 4,
        "sg_match_count": 4,
        "both_match_count": 4,
        "edges_match_rate": 0.13333333333333333,
        "sg_match_rate": 0.13333333333333333,
        "both_match_rate": 0.13333333333333333
      },
      "edge_metrics_mean": {
        "n": 30,
        "precision": 0.6296753246753247,
        "recall": 0.6018241943241943,
        "f1": 0.6140330210787204,
        "iou": 0.49183094683094686,
        "ged": 6.9,
        "e_del": 3.2333333333333334,
        "e_ins": 3.6666666666666665
      }
    },
    "and_join+select": {
      "exact_match": {
        "n": 15,
        "edges_match_count": 3,
        "sg_match_count": 3,
        "both_match_count": 3,
        "edges_match_rate": 0.2,
        "sg_match_rate": 0.2,
        "both_match_rate": 0.2
      },
      "edge_metrics_mean": {
        "n": 15,
        "precision": 0.7056878306878307,
        "recall": 0.6491005291005291,
        "f1": 0.6748175995544418,
        "iou": 0.5492073813126445,
        "ged": 5.733333333333333,
        "e_del": 2.466666666666667,
        "e_ins": 3.2666666666666666
      }
    },
    "loop": {
      "exact_match": {
        "n": 131,
        "edges_match_count": 40,
        "sg_match_count": 39,
        "both_match_count": 39,
        "edges_match_rate": 0.3053435114503817,
        "sg_match_rate": 0.29770992366412213,
        "both_match_rate": 0.29770992366412213
      },
      "edge_metrics_mean": {
        "n": 131,
        "precision": 0.7911481224458323,
        "recall": 0.7516115351993214,
        "f1": 0.7696371173080458,
        "iou": 0.6732519389007938,
        "ged": 3.3587786259541983,
        "e_del": 1.4885496183206106,
        "e_ins": 1.8702290076335877
      }
    },
    "loop+select": {
      "exact_match": {
        "n": 3,
        "edges_match_count": 1,
        "sg_match_count": 1,
        "both_match_count": 1,
        "edges_match_rate": 0.3333333333333333,
        "sg_match_rate": 0.3333333333333333,
        "both_match_rate": 0.3333333333333333
      },
      "edge_metrics_mean": {
        "n": 3,
        "precision": 0.6666666666666666,
        "recall": 0.6416666666666667,
        "f1": 0.6527777777777778,
        "iou": 0.5515151515151515,
        "ged": 6.0,
        "e_del": 2.6666666666666665,
        "e_ins": 3.3333333333333335
      }
    },
    "select": {
      "exact_match": {
        "n": 58,
        "edges_match_count": 24,
        "sg_match_count": 22,
        "both_match_count": 22,
        "edges_match_rate": 0.41379310344827586,
        "sg_match_rate": 0.3793103448275862,
        "both_match_rate": 0.3793103448275862
      },
      "edge_metrics_mean": {
        "n": 58,
        "precision": 0.8231253420908593,
        "recall": 0.8124844504154849,
        "f1": 0.8171197272710564,
        "iou": 0.7388197051990155,
        "ged": 2.9827586206896552,
        "e_del": 1.4482758620689655,
        "e_ins": 1.5344827586206897
      }
    },