{
  "overall": {
    "exact_match": {
      "n": 1078,
      "edges_match_count": 478,
      "sg_match_count": 473,
      "both_match_count": 472,
      "edges_match_rate": 0.44341372912801486,
      "sg_match_rate": 0.4387755102040816,
      "both_match_rate": 0.437847866419295
    },
    "edge_metrics_mean": {
      "n": 1078,
      "precision": 0.7847769371424288,
      "recall": 0.7750556519341305,
      "f1": 0.7787698069963067,
      "iou": 0.6995079737310721,
      "ged": 2.935064935064935,
      "e_del": 1.4137291280148423,
      "e_ins": 1.5213358070500929
    }
  },
  "by_depth": {
    "1": {
      "exact_match": {
        "n": 542,
        "edges_match_count": 341,
        "sg_match_count": 341,
        "both_match_count": 341,
        "edges_match_rate": 0.6291512915129152,
        "sg_match_rate": 0.6291512915129152,
        "both_match_rate": 0.6291512915129152
      },
      "edge_metrics_mean": {
        "n": 542,
        "precision": 0.8292435424354243,
        "recall": 0.8374275171323142,
        "f1": 0.8329193100872068,
        "iou": 0.7770444960943116,
        "ged": 1.9612546125461254,
        "e_del": 1.0276752767527675,
        "e_ins": 0.933579335793358
      }
    },
    "2": {
      "exact_match": {
        "n": 476,
        "edges_match_count": 121,
        "sg_match_count": 117,
        "both_match_count": 116,
        "edges_match_rate": 0.2542016806722689,
        "sg_match_rate": 0.24579831932773108,
        "both_match_rate": 0.24369747899159663
      },
      "edge_metrics_mean": {
        "n": 476,
        "precision": 0.7383113093722338,
        "recall": 0.7090079213503583,
        "f1": 0.7216707168538921,
        "iou": 0.6183561565651902,
        "ged": 3.8781512605042017,
        "e_del": 1.7878151260504203,
        "e_ins": 2.0903361344537816
      }
    },
    "3+": {
      "exact_match": {
        "n": 60,
        "edges_match_count": 16,
        "sg_match_count": 15,
        "both_match_count": 15,
        "edges_match_rate": 0.26666666666666666,
        "sg_match_rate": 0.25,
        "both_match_rate": 0.25
      },
      "edge_metrics_mean": {
        "n": 60,
        "precision": 0.751722582972583,
        "recall": 0.7356084656084657,
        "f1": 0.7426054108716648,
        "iou": 0.6428991378991379,
        "ged": 4.25,
        "e_del": 1.9333333333333333,
        "e_ins": 2.316666666666667
      }
    }
  },
  "by_structure_type": {
    "select": {
      "exact_match": {
        "n": 76,
        "edges_match_count": 29,
        "sg_match_count": 26,
        "both_match_count": 26,
        "edges_match_rate": 0.3815789473684211,
        "sg_match_rate": 0.34210526315789475,
        "both_match_rate": 0.34210526315789475
      },
      "edge_metrics_mean": {
        "n": 76,
        "precision": 0.7858837434495328,
        "recall": 0.7754319510898459,
        "f1": 0.7795583487900581,
        "iou": 0.6911503153279469,
        "ged": 3.5921052631578947,
        "e_del": 1.6710526315789473,
        "e_ins": 1.9210526315789473
      }
    },
    "loop": {
      "exact_match": {
        "n": 164,
        "edges_match_count": 43,
        "sg_match_count": 43,
        "both_match_count": 42,
        "edges_match_rate": 0.2621951219512195,
        "sg_match_rate": 0.2621951219512195,
        "both_match_rate": 0.25609756097560976
      },
      "edge_metrics_mean": {
        "n": 164,
        "precision": 0.7725752736423468,
        "recall": 0.7452288565093443,
        "f1": 0.7574096833365471,
        "iou": 0.6579005344249247,
        "ged": 3.7439024390243905,
        "e_del": 1.7195121951219512,
        "e_ins": 2.024390243902439
      }
    },
    "and_join": {
      "exact_match": {
        "n": 344,
        "edges_match_count": 71,
        "sg_match_count": 69,
        "both_match_count": 69,
        "edges_match_rate": 0.2063953488372093,
        "sg_match_rate": 0.2005813953488372,
        "both_match_rate": 0.2005813953488372
      },
      "edge_metrics_mean": {
        "n": 344,
        "precision": 0.7060913327628444,
        "recall": 0.6730394686063291,
        "f1": 0.6873338808374883,
        "iou": 0.5767543543342962,
        "ged": 4.351744186046512,
        "e_del": 1.994186046511628,
        "e_ins": 2.3575581395348837
      }
    }
  },
  "by_combo": {
    "and_join": {
      "exact_match": {
        "n": 299,
        "edges_match_count": 66,
        "sg_match_count": 64,
        "both_match_count": 64,
        "edges_match_rate": 0.22073578595317725,
        "sg_match_rate": 0.2140468227424749,
        "both_match_rate": 0.2140468227424749
      },
      "edge_metrics_mean": {
        "n": 299,
        "precision": 0.7101581992886341,
        "recall": 0.6781736379562466,
        "f1": 0.6918791573960507,
        "iou": 0.5834016225320574,
        "ged": 4.103678929765886,
        "e_del": 1.8896321070234114,
        "e_ins": 2.2140468227424748
      }
    },
    "and_join+loop": {
      "exact_match": {
        "n": 30,
        "edges_match_count": 3,
        "sg_match_count": 3,
        "both_match_count": 3,
        "edges_match_rate": 0.1,
        "sg_match_rate": 0.1,
        "both_match_rate": 0.1
      },
      "edge_metrics_mean": {
        "n": 30,
        "precision": 0.6613949013949014,
        "recall": 0.6287061087061087,
        "f1": 0.6435403269250355,
        "iou": 0.5197982572982573,
        "ged": 6.266666666666667,
        "e_del": 2.8666666666666667,
        "e_ins": 3.4
      }
    },
    "and_join+select": {
      "exact_match": {
        "n": 15,
        "edges_match_count": 2,
        "sg_match_count": 2,
        "both_match_count": 2,
        "edges_match_rate": 0.13333333333333333,
        "sg_match_rate": 0.13333333333333333,
        "both_match_rate": 0.13333333333333333
      },
      "edge_metrics_mean": {
        "n": 15,
        "precision": 0.7144179894179893,
        "recall": 0.6593650793650794,
        "f1": 0.684318475928383,
        "iou": 0.5581643356643357,
        "ged": 5.466666666666667,
        "e_del": 2.3333333333333335,
        "e_ins": 3.1333333333333333
      }
    },
    "loop": {
      "exact_match": {
        "n": 131,
        "edges_match_count": 39,
        "sg_match_count": 39,
        "both_match_count": 38,
        "edges_match_rate": 0.29770992366412213,
        "sg_match_rate": 0.29770992366412213,
        "both_match_rate": 0.2900763358778626
      },
      "edge_metrics_mean": {
        "n": 131,
        "precision": 0.7987269092230924,
        "recall": 0.7714225130255665,
        "f1": 0.7835654465460907,
        "iou": 0.6897177250230685,
        "ged": 3.1526717557251906,
        "e_del": 1.4427480916030535,
        "e_ins": 1.7099236641221374
      }
    },
    "loop+select": {
      "exact_match": {
        "n": 3,
        "edges_match_count": 1,
        "sg_match_count": 1,
        "both_match_count": 1,
        "edges_match_rate": 0.3333333333333333,
        "sg_match_rate": 0.3333333333333333,
        "both_match_rate": 0.3333333333333333
      },
      "edge_metrics_mean": {
        "n": 3,
        "precision": 0.7424242424242425,
        "recall": 0.7666666666666666,
        "f1": 0.753968253968254,
        "iou": 0.6495726495726496,
        "ged": 4.333333333333333,
        "e_del": 2.3333333333333335,
        "e_ins": 2.0
      }
    },
    "select": {
      "exact_match": {
        "n": 58,
        "edges_match_count": 26,
        "sg_match_count": 23,
        "both_match_count": 23,
        "edges_match_rate": 0.4482758620689655,
        "sg_match_rate": 0.39655172413793105,
        "both_match_rate": 0.39655172413793105
      },
      "edge_metrics_mean": {
        "n": 58,
        "precision": 0.8066141712693438,
        "recall": 0.8059026222819327,
        "f1": 0.8055129759864467,
        "iou": 0.7276938100213962,
        "ged": 3.0689655172413794,
        "e_del": 1.4655172413793103,
        "e_ins": 1.603448275862069
      }
    },
    "sequence": {
      "exact_match": {
        "n": 542,