{
  "overall": {
    "exact_match": {
      "n": 100,
      "edges_match_count": 33,
      "sg_match_count": 30,
      "both_match_count": 30,
      "edges_match_rate": 0.33,
      "sg_match_rate": 0.3,
      "both_match_rate": 0.3
    },
    "edge_metrics_mean": {
      "n": 100,
      "precision": 0.7797604617604619,
      "recall": 0.756819264069264,
      "f1": 0.7668399375821977,
      "iou": 0.6786540681540681,
      "ged": 3.5,
      "e_del": 1.6,
      "e_ins": 1.9
    }
  },
  "by_depth": {
    "1": {
      "exact_match": {
        "n": 20,
        "edges_match_count": 17,
        "sg_match_count": 17,
        "both_match_count": 17,
        "edges_match_rate": 0.85,
        "sg_match_rate": 0.85,
        "both_match_rate": 0.85
      },
      "edge_metrics_mean": {
        "n": 20,
        "precision": 0.9660714285714287,
        "recall": 0.9714285714285713,
        "f1": 0.9685714285714285,
        "iou": 0.9486111111111111,
        "ged": 0.45,
        "e_del": 0.25,
        "e_ins": 0.2
      }
    },
    "2": {
      "exact_match": {
        "n": 46,
        "edges_match_count": 8,
        "sg_match_count": 7,
        "both_match_count": 7,
        "edges_match_rate": 0.17391304347826086,
        "sg_match_rate": 0.15217391304347827,
        "both_match_rate": 0.15217391304347827
      },
      "edge_metrics_mean": {
        "n": 46,
        "precision": 0.6836697722567288,
        "recall": 0.6498172720998808,
        "f1": 0.6648963611357608,
        "iou": 0.5567472985951247,
        "ged": 4.782608695652174,
        "e_del": 2.1739130434782608,
        "e_ins": 2.608695652173913
      }
    },
    "3+": {
      "exact_match": {
        "n": 34,
        "edges_match_count": 8,
        "sg_match_count": 6,
        "both_match_count": 6,
        "edges_match_rate": 0.23529411764705882,
        "sg_match_rate": 0.17647058823529413,
        "both_match_rate": 0.17647058823529413
      },
      "edge_metrics_mean": {
        "n": 34,
        "precision": 0.80017082590612,
        "recall": 0.7753458959341312,
        "f1": 0.7860980168984175,
        "iou": 0.6847884958179076,
        "ged": 3.5588235294117645,
        "e_del": 1.6176470588235294,
        "e_ins": 1.9411764705882353
      }
    }
  },
  "by_structure_type": {
    "select": {
      "exact_match": {
        "n": 30,
        "edges_match_count": 10,
        "sg_match_count": 8,
        "both_match_count": 8,
        "edges_match_rate": 0.3333333333333333,
        "sg_match_rate": 0.26666666666666666,
        "both_match_rate": 0.26666666666666666
      },
      "edge_metrics_mean": {
        "n": 30,
        "precision": 0.8212121212121212,
        "recall": 0.7893734968734968,
        "f1": 0.8036834169728907,
        "iou": 0.7130633255633255,
        "ged": 3.2,
        "e_del": 1.4,
        "e_ins": 1.8
      }
    },
    "loop": {
      "exact_match": {
        "n": 33,
        "edges_match_count": 3,
        "sg_match_count": 3,
        "both_match_count": 3,
        "edges_match_rate": 0.09090909090909091,
        "sg_match_rate": 0.09090909090909091,
        "both_match_rate": 0.09090909090909091
      },
      "edge_metrics_mean": {
        "n": 33,
        "precision": 0.6865800865800866,
        "recall": 0.6472080108443745,
        "f1": 0.6645417739633895,
        "iou": 0.5474064655882838,
        "ged": 5.03030303030303,
        "e_del": 2.272727272727273,
        "e_ins": 2.757575757575758
      }
    },
    "and_join": {
      "exact_match": {
        "n": 37,
        "edges_match_count": 6,
        "sg_match_count": 5,
        "both_match_count": 5,
        "edges_match_rate": 0.16216216216216217,
        "sg_match_rate": 0.13513513513513514,
        "both_match_rate": 0.13513513513513514
      },
      "edge_metrics_mean": {
        "n": 37,
        "precision": 0.671932646932647,
        "recall": 0.6372567372567373,
        "f1": 0.6525618242336509,
        "iou": 0.5360277110277111,
        "ged": 5.162162162162162,
        "e_del": 2.324324324324324,
        "e_ins": 2.8378378378378377
      }
    }
  },
  "by_combo": {
    "and_join": {
      "exact_match": {
        "n": 20,
        "edges_match_count": 3,
        "sg_match_count": 2,
        "both_match_count": 2,
        "edges_match_rate": 0.15,
        "sg_match_rate": 0.1,
        "both_match_rate": 0.1
      },
      "edge_metrics_mean": {
        "n": 20,
        "precision": 0.6651785714285714,
        "recall": 0.6530753968253968,
        "f1": 0.6580536512850754,
        "iou": 0.5461093073593074,
        "ged": 4.85,
        "e_del": 2.3,
        "e_ins": 2.55
      }
    },
    "and_join+loop": {
      "exact_match": {
        "n": 10,
        "edges_match_count": 1,
        "sg_match_count": 1,
        "both_match_count": 1,
        "edges_match_rate": 0.1,
        "sg_match_rate": 0.1,
        "both_match_rate": 0.1
      },
      "edge_metrics_mean": {
        "n": 10,
        "precision": 0.6099603174603174,
        "recall": 0.5516991341991342,
        "f1": 0.5778298971410427,
        "iou": 0.45353146853146853,
        "ged": 6.4,
        "e_del": 2.8,
        "e_ins": 3.6
      }
    },
    "and_join+select": {
      "exact_match": {
        "n": 7,
        "edges_match_count": 2,
        "sg_match_count": 2,
        "both_match_count": 2,
        "edges_match_rate": 0.2857142857142857,
        "sg_match_rate": 0.2857142857142857,
        "both_match_rate": 0.2857142857142857
      },
      "edge_metrics_mean": {
        "n": 7,
        "precision": 0.7797619047619048,
        "recall": 0.7142857142857143,
        "f1": 0.7436307856475924,
        "iou": 0.625074925074925,
        "ged": 4.285714285714286,
        "e_del": 1.7142857142857142,
        "e_ins": 2.5714285714285716
      }
    },
    "loop": {
      "exact_match": {
        "n": 20,
        "edges_match_count": 2,
        "sg_match_count": 2,
        "both_match_count": 2,
        "edges_match_rate": 0.1,
        "sg_match_rate": 0.1,
        "both_match_rate": 0.1
      },
      "edge_metrics_mean": {
        "n": 20,
        "precision": 0.7307539682539683,
        "recall": 0.6996825396825397,
        "f1": 0.7131345340246269,
        "iou": 0.6021891996891997,
        "ged": 4.2,
        "e_del": 1.95,
        "e_ins": 2.25
      }
    },
    "loop+select": {
      "exact_match": {
        "n": 3,
        "edges_match_count": 0,
        "sg_match_count": 0,
        "both_match_count": 0,
        "edges_match_rate": 0.0,
        "sg_match_rate": 0.0,
        "both_match_rate": 0.0
      },
      "edge_metrics_mean": {
        "n": 3,
        "precision": 0.6474867724867724,
        "recall": 0.6157407407407407,
        "f1": 0.6296296296296297,
        "iou": 0.4951048951048951,
        "ged": 6.0,
        "e_del": 2.6666666666666665,
        "e_ins": 3.3333333333333335
      }
    },
    "select": {
      "exact_match": {
        "n": 20,
        "edges_match_count": 8,
        "sg_match_count": 6,
        "both_match_count": 6,
        "edges_match_rate": 0.4,
        "sg_match_rate": 0.3,
        "both_match_rate": 0.3
      },
      "edge_metrics_mean": {
        "n": 20,
        "precision": 0.8617784992784993,
        "recall": 0.8416991341991341,
        "f1": 0.8508099060382343,
        "iou": 0.7765530303030304,
        "ged": 2.4,
        "e_del": 1.1,
        "e_ins": 1.3
      }
    },
    "sequence": {
      "exact_match": {
        "n": 20,
        "edges_match_count": 17,
        "sg_match_count": 17,
        "both_match_count": 17,
        "edges_match_rate": 0.85,
        "sg_match_rate": 0.85,
        "both_match_rate": 0.85
      },
      "edge_metrics_mean": {
        "n": 20,
        "precision": 0.9660714285714287,
        "recall": 0.9714285714285713,
        "f1": 0.9685714285714285,
        "iou": 0.9486111111111111,
        "ged": 0.45,
        "e_del": 0.25,
        "e_ins": 0.2
      }
    }
  }
}