{
  "overall": {
    "exact_match": {
      "n": 100,
      "edges_match_count": 35,
      "sg_match_count": 33,
      "both_match_count": 33,
      "edges_match_rate": 0.35,
      "sg_match_rate": 0.33,
      "both_match_rate": 0.33
    },
    "edge_metrics_mean": {
      "n": 100,
      "precision": 0.7763437950937951,
      "recall": 0.763546176046176,
      "f1": 0.7688816584172622,
      "iou": 0.6798376345876346,
      "ged": 3.56,
      "e_del": 1.69,
      "e_ins": 1.87
    }
  },
  "by_depth": {
    "1": {
      "exact_match": {
        "n": 20,
        "edges_match_count": 17,
        "sg_match_count": 17,
        "both_match_count": 17,
        "edges_match_rate": 0.85,
        "sg_match_rate": 0.85,
        "both_match_rate": 0.85
      },
      "edge_metrics_mean": {
        "n": 20,
        "precision": 0.9464285714285714,
        "recall": 0.9464285714285714,
        "f1": 0.9464285714285714,
        "iou": 0.9241666666666667,
        "ged": 0.7,
        "e_del": 0.35,
        "e_ins": 0.35
      }
    },
    "2": {
      "exact_match": {
        "n": 46,
        "edges_match_count": 8,
        "sg_match_count": 6,
        "both_match_count": 6,
        "edges_match_rate": 0.17391304347826086,
        "sg_match_rate": 0.13043478260869565,
        "both_match_rate": 0.13043478260869565
      },
      "edge_metrics_mean": {
        "n": 46,
        "precision": 0.6996000376435159,
        "recall": 0.6836062488236402,
        "f1": 0.6902424537368674,
        "iou": 0.5753317938100547,
        "ged": 4.630434782608695,
        "e_del": 2.1956521739130435,
        "e_ins": 2.4347826086956523
      }
    },
    "3+": {
      "exact_match": {
        "n": 34,
        "edges_match_count": 10,
        "sg_match_count": 10,
        "both_match_count": 10,
        "edges_match_rate": 0.29411764705882354,
        "sg_match_rate": 0.29411764705882354,
        "both_match_rate": 0.29411764705882354
      },
      "edge_metrics_mean": {
        "n": 34,
        "precision": 0.7801237161531279,
        "recall": 0.7641223155929039,
        "f1": 0.7708365159193787,
        "iou": 0.677504929710812,
        "ged": 3.7941176470588234,
        "e_del": 1.7941176470588236,
        "e_ins": 2.0
      }
    }
  },
  "by_structure_type": {
    "select": {
      "exact_match": {
        "n": 30,
        "edges_match_count": 10,
        "sg_match_count": 10,
        "both_match_count": 10,
        "edges_match_rate": 0.3333333333333333,
        "sg_match_rate": 0.3333333333333333,
        "both_match_rate": 0.3333333333333333
      },
      "edge_metrics_mean": {
        "n": 30,
        "precision": 0.7813624338624339,
        "recall": 0.7599867724867725,
        "f1": 0.769311885797954,
        "iou": 0.6798332223332223,
        "ged": 3.8,
        "e_del": 1.7666666666666666,
        "e_ins": 2.033333333333333
      }
    },
    "loop": {
      "exact_match": {
        "n": 33,
        "edges_match_count": 5,
        "sg_match_count": 4,
        "both_match_count": 4,
        "edges_match_rate": 0.15151515151515152,
        "sg_match_rate": 0.12121212121212122,
        "both_match_rate": 0.12121212121212122
      },
      "edge_metrics_mean": {
        "n": 33,
        "precision": 0.6900268922996196,
        "recall": 0.6728431501158774,
        "f1": 0.6800421946214233,
        "iou": 0.5555737192100828,
        "ged": 4.96969696969697,
        "e_del": 2.3636363636363638,
        "e_ins": 2.606060606060606
      }
    },
    "and_join": {
      "exact_match": {
        "n": 37,
        "edges_match_count": 6,
        "sg_match_count": 4,
        "both_match_count": 4,
        "edges_match_rate": 0.16216216216216217,
        "sg_match_rate": 0.10810810810810811,
        "both_match_rate": 0.10810810810810811
      },
      "edge_metrics_mean": {
        "n": 37,
        "precision": 0.7023985023985023,
        "recall": 0.6806267306267306,
        "f1": 0.6893621637429687,
        "iou": 0.5744788244788245,
        "ged": 4.837837837837838,
        "e_del": 2.2432432432432434,
        "e_ins": 2.5945945945945947
      }
    }
  },
  "by_combo": {
    "and_join": {
      "exact_match": {
        "n": 20,
        "edges_match_count": 4,
        "sg_match_count": 3,
        "both_match_count": 3,
        "edges_match_rate": 0.2,
        "sg_match_rate": 0.15,
        "both_match_rate": 0.15
      },
      "edge_metrics_mean": {
        "n": 20,
        "precision": 0.718452380952381,
        "recall": 0.7127976190476191,
        "f1": 0.7145893296589891,
        "iou": 0.6159559884559884,
        "ged": 4.15,
        "e_del": 2.0,
        "e_ins": 2.15
      }
    },
    "and_join+loop": {
      "exact_match": {
        "n": 10,
        "edges_match_count": 2,
        "sg_match_count": 1,
        "both_match_count": 1,
        "edges_match_rate": 0.2,
        "sg_match_rate": 0.1,
        "both_match_rate": 0.1
      },
      "edge_metrics_mean": {
        "n": 10,
        "precision": 0.6611363636363636,
        "recall": 0.6288347763347764,
        "f1": 0.6417092702619018,
        "iou": 0.5154312354312355,
        "ged": 5.7,
        "e_del": 2.6,
        "e_ins": 3.1
      }
    },
    "and_join+select": {
      "exact_match": {
        "n": 7,
        "edges_match_count": 0,
        "sg_match_count": 0,
        "both_match_count": 0,
        "edges_match_rate": 0.0,
        "sg_match_rate": 0.0,
        "both_match_rate": 0.0
      },
      "edge_metrics_mean": {
        "n": 7,
        "precision": 0.7154761904761904,
        "recall": 0.6626984126984127,
        "f1": 0.6853601089558631,
        "iou": 0.5403263403263403,
        "ged": 5.571428571428571,
        "e_del": 2.4285714285714284,
        "e_ins": 3.142857142857143
      }
    },
    "loop": {
      "exact_match": {
        "n": 20,
        "edges_match_count": 2,
        "sg_match_count": 2,
        "both_match_count": 2,
        "edges_match_rate": 0.1,
        "sg_match_rate": 0.1,
        "both_match_rate": 0.1
      },
      "edge_metrics_mean": {
        "n": 20,
        "precision": 0.7142261904761905,
        "recall": 0.7041071428571428,
        "f1": 0.7085679271708683,
        "iou": 0.5816000666000666,
        "ged": 4.4,
        "e_del": 2.15,
        "e_ins": 2.25
      }
    },
    "loop+select": {
      "exact_match": {
        "n": 3,
        "edges_match_count": 1,
        "sg_match_count": 1,
        "both_match_count": 1,
        "edges_match_rate": 0.3333333333333333,
        "sg_match_rate": 0.3333333333333333,
        "both_match_rate": 0.3333333333333333
      },
      "edge_metrics_mean": {
        "n": 3,
        "precision": 0.625,
        "recall": 0.611111111111111,
        "f1": 0.6176470588235294,
        "iou": 0.5158730158730159,
        "ged": 6.333333333333333,
        "e_del": 3.0,
        "e_ins": 3.3333333333333335
      }
    },
    "select": {
      "exact_match": {
        "n": 20,
        "edges_match_count": 9,
        "sg_match_count": 9,
        "both_match_count": 9,
        "edges_match_rate": 0.45,
        "sg_match_rate": 0.45,
        "both_match_rate": 0.45
      },
      "edge_metrics_mean": {
        "n": 20,
        "precision": 0.8278769841269842,
        "recall": 0.8163690476190476,
        "f1": 0.8214447317388494,
        "iou": 0.7532546620046621,
        "ged": 2.8,
        "e_del": 1.35,
        "e_ins": 1.45
      }
    },
    "sequence": {
      "exact_match": {
        "n": 20,
        "edges_match_count": 17,
        "sg_match_count": 17,
        "both_match_count": 17,
        "edges_match_rate": 0.85,
        "sg_match_rate": 0.85,
        "both_match_rate": 0.85
      },
      "edge_metrics_mean": {
        "n": 20,
        "precision": 0.9464285714285714,
        "recall": 0.9464285714285714,
        "f1": 0.9464285714285714,
        "iou": 0.9241666666666667,
        "ged": 0.7,
        "e_del": 0.35,
        "e_ins": 0.35
      }
    }
  }
}